id	class	reason	proving_instrument	has_children
KS-1350	ALREADY-FIXED	Done-unarchived; Done; closing comment cites merge	Linear Done completedAt 2026-09-27T07:31:10.388Z; archivedAt null; creator kamil.kreiser@secuura.ai; assignee none; GH PR #1303 merged_at 2026-09-27T07:29:59Z base develop	no (0 children incl. archived)
KS-1349	ALREADY-FIXED	Done-unarchived; Done; closing comment cites merge	Linear Done completedAt 2026-09-27T07:46:27.955Z; archivedAt null; creator kamil.kreiser@secuura.ai; assignee none; GH PR #1301 merged_at 2026-09-27T07:43:36Z base develop	no (0 children incl. archived)
KS-1344	ALREADY-FIXED	Done-unarchived; Done; closing comment cites merge	Linear Done completedAt 2026-09-26T15:31:43.005Z; archivedAt null; creator kamil.kreiser@secuura.ai; assignee none; GH PR #1293 merged_at 2026-09-26T15:27:28Z base develop	no (0 children incl. archived)
KS-1339	ALREADY-FIXED	Done-unarchived; Done; closing comment cites merge	Linear Done completedAt 2026-09-26T15:31:44.267Z; archivedAt null; creator kamil.kreiser@secuura.ai; assignee kamil.kreiser@secuura.ai; GH PR #1299 merged_at 2026-09-26T15:28:40Z base develop	no (0 children incl. archived)
KS-1321	ALREADY-FIXED	Done-unarchived; Done; closing comment cites merge	Linear Done completedAt 2026-09-25T23:22:50.816Z; archivedAt null; creator kamil.kreiser@secuura.ai; assignee none; GH PR #1273 merged_at 2026-09-25T23:21:19Z base develop	no (0 children incl. archived)
KS-1318	ALREADY-FIXED	Done-unarchived; Done; closing comment cites merge	Linear Done completedAt 2026-09-26T08:10:19.358Z; archivedAt null; creator kamil.kreiser@secuura.ai; assignee kamil.kreiser@secuura.ai; GH PR #1287 merged_at 2026-09-26T04:33:18Z base develop; GH PR #1289 merged_at 2026-09-26T08:05:32Z base develop	no (0 children incl. archived)
KS-1315	ALREADY-FIXED	Done-unarchived; Done; closing comment cites merge	Linear Done completedAt 2026-09-25T20:42:59.996Z; archivedAt null; creator kamil.kreiser@secuura.ai; assignee none; GH PR #1265 merged_at 2026-09-25T20:33:38Z base develop	no (0 children incl. archived)
KS-1310	ALREADY-FIXED	Done-unarchived; Done; closing comment cites merge	Linear Done completedAt 2026-09-25T20:42:57.368Z; archivedAt null; creator kamil.kreiser@secuura.ai; assignee none; GH PR #1262 merged_at 2026-09-25T20:32:12Z base develop	no (0 children incl. archived)
KS-1275	ALREADY-FIXED	Done-unarchived; Done; closing comment cites merge	Linear Done completedAt 2026-09-25T23:38:53.145Z; archivedAt null; creator kamil.kreiser@secuura.ai; assignee none; GH PR #1102 merged_at 2026-09-20T14:24:42Z base develop; GH PR #1115 merged_at 2026-09-20T22:23:20Z base develop; GH PR #1123 merged_at 2026-09-21T05:03:27Z base develop; GH PR #1252 merged_at 2026-09-25T17:22:13Z base develop; GH PR #1270 merged_at 2026-09-25T23:28:20Z base develop	no (0 children incl. archived)
KS-1265	ALREADY-FIXED	Done-unarchived; Done; closing comment cites merge	Linear Done completedAt 2026-09-25T02:24:02.277Z; archivedAt null; creator kamil.kreiser@secuura.ai; assignee kamil.kreiser@secuura.ai; GH PR #1174 merged_at 2026-09-22T03:18:22Z base develop	no (0 children incl. archived)
KS-1264	ALREADY-FIXED	Done-unarchived; Done; closing comment cites merge	Linear Done completedAt 2026-09-25T02:24:01.378Z; archivedAt null; creator kamil.kreiser@secuura.ai; assignee kamil.kreiser@secuura.ai; GH PR #1060 merged_at 2026-09-18T23:19:51Z base develop	no (0 children incl. archived)
KS-1245	ALREADY-FIXED	Done-unarchived; Done; closing comment cites merge	Linear Done completedAt 2026-09-25T00:01:36.524Z; archivedAt null; creator kamil.kreiser@secuura.ai; assignee kamil.kreiser@secuura.ai; GH PR #1207 merged_at 2026-09-23T09:58:08Z base develop	no (0 children incl. archived)
KS-1239	ALREADY-FIXED	Done-unarchived; Done; closing comment cites merge	Linear Done completedAt 2026-09-25T00:01:38.603Z; archivedAt null; creator kamil.kreiser@secuura.ai; assignee kamil.kreiser@secuura.ai; GH PR #1210 merged_at 2026-09-23T10:54:40Z base develop	no (0 children incl. archived)
KS-1227	ALREADY-FIXED	Done-unarchived; Done; closing comment cites merge	Linear Done completedAt 2026-09-28T09:32:29.210Z; archivedAt null; creator kamil.kreiser@secuura.ai; assignee kamil.kreiser@secuura.ai; GH PR #1304 merged_at 2026-09-27T13:11:49Z base develop; GH PR #1325 merged_at 2026-09-28T09:29:03Z base develop	no (0 children incl. archived)
KS-1221	ALREADY-FIXED	Done-unarchived; Done; closing comment cites merge	Linear Done completedAt 2026-09-27T18:30:33.875Z; archivedAt null; creator kamil.kreiser@secuura.ai; assignee kamil.kreiser@secuura.ai; GH PR #1314 merged_at 2026-09-27T18:27:52Z base develop	no (0 children incl. archived)
KS-1220	ALREADY-FIXED	Done-unarchived; Done; closing comment cites merge	Linear Done completedAt 2026-09-27T18:30:38.893Z; archivedAt null; creator kamil.kreiser@secuura.ai; assignee kamil.kreiser@secuura.ai; GH PR #1315 merged_at 2026-09-27T18:29:38Z base develop	no (0 children incl. archived)
KS-1212	ALREADY-FIXED	Done-unarchived; Done; closing comment cites merge	Linear Done completedAt 2026-09-27T13:21:59.265Z; archivedAt null; creator kamil.kreiser@secuura.ai; assignee kamil.kreiser@secuura.ai; GH PR #1307 merged_at 2026-09-27T13:15:51Z base develop	no (0 children incl. archived)
KS-1201	ALREADY-FIXED	Done-unarchived; Done; closing comment cites merge	Linear Done completedAt 2026-09-25T19:40:34.011Z; archivedAt null; creator kamil.kreiser@secuura.ai; assignee none; GH PR #1257 merged_at 2026-09-25T19:16:27Z base develop	no (0 children incl. archived)
KS-1196	ALREADY-FIXED	Done-unarchived; Done; closing comment cites merge	Linear Done completedAt 2026-09-27T13:22:01.940Z; archivedAt null; creator kamil.kreiser@secuura.ai; assignee kamil.kreiser@secuura.ai; GH PR #1309 merged_at 2026-09-27T13:19:05Z base develop	no (0 children incl. archived)
KS-1160	ALREADY-FIXED	Done-unarchived; Done; closing comment cites merge	Linear Done completedAt 2026-09-25T16:21:24.866Z; archivedAt null; creator kamil.kreiser@secuura.ai; assignee kamil.kreiser@secuura.ai; GH PR #1186 merged_at 2026-09-22T09:22:21Z base develop	no (0 children incl. archived)
KS-1121	ALREADY-FIXED	Done-unarchived; Done; closing comment cites merge	Linear Done completedAt 2026-09-27T18:30:29.533Z; archivedAt null; creator kamil.kreiser@secuura.ai; assignee kamil.kreiser@secuura.ai; GH PR #1313 merged_at 2026-09-27T18:26:06Z base develop	no (0 children incl. archived)
KS-1120	ALREADY-FIXED	Done-unarchived; Done; closing comment cites merge	Linear Done completedAt 2026-09-25T20:43:01.372Z; archivedAt null; creator kamil.kreiser@secuura.ai; assignee none; GH PR #1145 merged_at 2026-09-21T15:03:19Z base develop; GH PR #1266 merged_at 2026-09-25T20:34:11Z base develop	no (0 children incl. archived)
KS-1108	ALREADY-FIXED	Done-unarchived; Done; closing comment cites merge	Linear Done completedAt 2026-09-27T13:22:00.659Z; archivedAt null; creator kamil.kreiser@secuura.ai; assignee kamil.kreiser@secuura.ai; GH PR #1308 merged_at 2026-09-27T13:17:29Z base develop	no (0 children incl. archived)
KS-1019	ALREADY-FIXED	Done-unarchived; Done; closing comment cites merge	Linear Done completedAt 2026-09-25T00:01:35.204Z; archivedAt null; creator kamil.kreiser@secuura.ai; assignee kamil.kreiser@secuura.ai; GH PR #1203 merged_at 2026-09-23T08:09:54Z base develop	no (0 children incl. archived)
KS-979	ALREADY-FIXED	Done-unarchived; Done; closing comment cites merge	Linear Done completedAt 2026-09-25T02:24:00.453Z; archivedAt null; creator kamil.kreiser@secuura.ai; assignee kamil.kreiser@secuura.ai; GH PR #1144 merged_at 2026-09-21T15:03:05Z base develop	no (0 children incl. archived)
KS-906	ALREADY-FIXED	Done-unarchived; Done; closing comment cites merge	Linear Done completedAt 2026-09-25T19:40:35.380Z; archivedAt null; creator kamil.kreiser@secuura.ai; assignee none; GH PR #1259 merged_at 2026-09-25T19:17:07Z base develop	no (0 children incl. archived)
KS-738	ALREADY-FIXED	Done-unarchived; already fixed per measured comment, no PR attached	Linear Done completedAt 2026-09-25T02:27:07.175Z; archivedAt null; creator kamil.kreiser@secuura.ai; assignee none; ; closing comment kamil.kreiser 2026-09-25T02:26Z "ALREADY FIXED ON develop"; Done actor kamil.kreiser	no (0 children incl. archived)
KS-618	ALREADY-FIXED	ALREADY-FIXED, state Backlog: nginx realip now restores the client from X-Forwarded-For on the demo hop, so IP-keyed controls are per-client; residual lockout inertness is KS-1372	Linear Backlog; archivedAt null; creator kamil.kreiser@secuura.ai; assignee kamil.kreiser@secuura.ai; GH PR #678 merged_at 2026-08-13T00:07:45Z base develop	no (0 children incl. archived)
KS-777	ALREADY-FIXED	ALREADY-FIXED, state Todo: retroactive tracker; ticket itself states all four findings FIXED on #795; F-4 single normaliser verified	Linear Todo; archivedAt null; creator kamil.kreiser@secuura.ai; assignee kamil.kreiser@secuura.ai; GH PR #795 merged_at 2026-09-03T11:55:42Z base develop	no (0 children incl. archived)
KS-953	ALREADY-FIXED	ALREADY-FIXED, state Backlog: LEG D now pins api-gateway sites by text anchor, not line number (option 1 of the class)	Linear Backlog; archivedAt null; creator kamil.kreiser@secuura.ai; assignee none; GH PR #1215 merged_at 2026-09-25T05:43:07Z base develop; commit 54d741e1c in develop (GitHub compare develop...54d741e1c = behind 183, ahead 0)	no (0 children incl. archived)
KS-977	ALREADY-FIXED	ALREADY-FIXED, state Backlog: the false "does not exercise it" justification is corrected; setup now documented as touching a stack and applies the slot refusal itself	Linear Backlog; archivedAt null; creator kamil.kreiser@secuura.ai; assignee none; ; commit fe995f30b in develop (GitHub compare = behind 35, ahead 0)	no (0 children incl. archived)
KS-997	ALREADY-FIXED	ALREADY-FIXED, state Backlog: the four fast-uri GHSAs are out of the baseline and every lock resolves fast-uri 3.1.8 (patched at 3.1.6)	Linear Backlog; archivedAt null; creator kamil.kreiser@secuura.ai; assignee kamil.kreiser@secuura.ai; GH PR #797 merged_at 2026-09-03T08:32:22Z base develop; commit d9af191e4 in develop (GitHub compare = behind 612, ahead 0)	no (0 children incl. archived)
KS-1149	ALREADY-FIXED	ALREADY-FIXED, state Backlog: launcher core.sshCommand now carries ServerAliveInterval=30/CountMax=20, applied by s220 on Kam's ruling 09-14; ticket never closed	Linear Backlog; archivedAt null; creator kamil.kreiser@secuura.ai; assignee kamil.kreiser@secuura.ai; ; Launch_Claude.command:130 and :135 both carry ServerAliveInterval=30 ServerAliveCountMax=20 (grep 2026-10-05); parent KS-771 In Progress (child archive does not cascade upward)	no (0 children incl. archived)
KS-1241	DUPLICATE	DUPLICATE of KS-1234 (survivor In Progress, archivedAt null, re-read 2026-10-05): same POST /api/v1/documents hang as KS-1234, which carries the fixing PRs	Linear Backlog; archivedAt null; creator kamil.kreiser@secuura.ai; assignee none; GH PR #1108 merged_at 2026-09-20T17:49:56Z base develop; GH PR #1128 merged_at 2026-09-21T05:06:45Z base develop	no (0 children incl. archived)
KS-1329	DUPLICATE	DUPLICATE of KS-1000 (survivor Backlog, archivedAt null, re-read 2026-10-05): packages/shared tsconfig excludes src/__tests__ - same exclusion already closed twice (KS-892->KS-933->KS-1000) into class survivor KS-1000; carry its 10-error list and TS2349 SSRF-guard decision there	Linear Backlog; archivedAt null; creator kamil.kreiser@secuura.ai; assignee none; ; audit instrument: survivor KS-1000 (KS-933 comment: 'Closed as Duplicate of KS-1000'); packages/shared/tsconfig.json:21	no (0 children incl. archived)
