id	title	class	reason	instrument	creator	assignee	state	priority	age_days	critical_path_31oct	archive	children_note
KS-61	OpenAPI compliance: documentation gaps across the spec (descriptions, parameter 	TEST-OR-TOOLING	docs gap, partly closed: operationId now 343/343; param descriptions 198/198 and op descriptions 226/343 still missing	Blockchain/Dev/docs/openapi/secuura-api.yaml@3ce8cd4026a6 (parsed: 343 ops, 343 operationId, 0 param descriptions)	peter@obeden.com	stuart.jamieson@secuura.ai	Todo	2	144	no; documentation only	no	-
KS-101	Consolidate Platform K billing onto Platform S's Stripe integration (one company	NEEDS-HUMAN	Stuart (+Kam): billing consolidation onto Platform S and the third-party-billing question he raised 06-03; K billing frozen meanwhile	title/description only (decision comments 05-25, 06-03)	kamil.kreiser@secuura.ai	stuart.jamieson@secuura.ai	Backlog	3	137	no; ticket says payments not on K critical path	no	-
KS-135	Platform S "S+" refactor — pluggable upload/watermark/sign/certify services	NEEDS-HUMAN	Stuart: Platform S "S+" refactor is a Platform S design epic outside this repo; needs scoping or closing	title/description only	kamil.kreiser@secuura.ai	stuart.jamieson@secuura.ai	Todo	3	133	no; Platform S architecture	no	-
KS-139	Platform S — upload your test suite so the extranet live runner executes it (Git	TEST-OR-TOOLING	add Platform S suite to extranet runner; workflow exists, nothing from S landed	.github/workflows/extranet-test-run.yml@3ce8cd4026a6 present	kamil.kreiser@secuura.ai	stuart.jamieson@secuura.ai	Backlog	3	133	no; test wiring	no	-
KS-188	Stateful testing: declare OpenAPI `links` + `operationId` so POST→GET→DELETE cha	TEST-OR-TOOLING	spec declares 0 OpenAPI links (operationId gap now closed), stateful phase chains only inferred links	Blockchain/Dev/docs/openapi/secuura-api.yaml@3ce8cd4026a6 (0 links objects)	peter@obeden.com	stuart.jamieson@secuura.ai	Todo	2	125	no; test depth	no	-
KS-239	[Decision] Erasure: multi-step to trigger, but irreversible + complete once exec	NEEDS-HUMAN	Stuart: sign-off on irreversible erasure model; premise (per-subject keys) absent, gated on KS-291	title/description + 2026-06-18/08-12 comments (not re-read in code)	kamil.kreiser@secuura.ai	stuart.jamieson@secuura.ai	Backlog	2	117	no; GDPR posture decision	no	-
KS-263	Enable Code Security / GHAS so security scans populate the Security tab (current	NEEDS-HUMAN	Kam: pay for GHAS/Code Security or stay artifact-only; re-verified 403 today	GitHub GET /code-scanning/analyses -> 403 "Code Security must be enabled" (2026-10-05)	kamil.kreiser@secuura.ai	kamil.kreiser@secuura.ai	Backlog	3	116	no; CI UX, findings still exported as artifacts	no	-
KS-304	Tokenise personal/identifying data — mint a privacy token (Platform S/K by journ	NEEDS-HUMAN	Kam to message Stuart (S goes first, ruled 09-02); privacy-token feature, not a defect	title/description + 09-02 ruling comment	kamil.kreiser@secuura.ai	kamil.kreiser@secuura.ai	Backlog	2	105	no; new feature	no	-
KS-305	State the M365 source-document controller boundary in the customer DPA	NEEDS-HUMAN	Kam/legal: add M365 controller-boundary clause to customer DPA (not a repo change)	title/description only	kamil.kreiser@secuura.ai	kamil.kreiser@secuura.ai	Backlog	3	105	no; legal doc	no	-
KS-329	Phase 2 — JWT RS256 → hybrid (RS256 + ML-DSA-65)	GENUINE-HARDENING	PQC hybrid JWT signing; design ruled 09-02, blocked on KS-756 (opaque refresh)	title/description + 09-02 design comments	stuart.jamieson@secuura.ai	kamil.kreiser@secuura.ai	Backlog	2	102	no; crypto-agility roadmap	no	-
KS-339	Grant Phil + Steve extranet access (evolve toward company source of truth)	NEEDS-HUMAN	Kam: decide whether Phil/Steve get extranet access and with what role; needs extranet code change first	title/description + 08-14 sweep comment (extranet repo, not read)	kamil.kreiser@secuura.ai	kamil.kreiser@secuura.ai	Backlog	4	101	no; internal portal	no	-
KS-485	Security review — plan, methodology & handover (Platform K)	TEST-OR-TOOLING	coordination hub of the K security review; process container, not a defect	title/description only	peter@obeden.com	kamil.kreiser@secuura.ai	Todo	2	76	unknown; findings live in children	no	parent: archiving cascades to 12 children (KS-1171,1161,741,736,725,724,716,696,679,492,491,441)
KS-491	Review F — Edge, WAF, DDoS & anti-automation	GENUINE-HARDENING	Review F residue: no WAF and absent Caddyfile at the edge; F-9 CSP row already resolved; Server-header row moved to KS-1397	title/description + 09-28/09-30 Peter comments	peter@obeden.com	kamil.kreiser@secuura.ai	Todo	2	76	no; defence in depth at edge	no	parent: archiving cascades to 1 child (KS-1369)
KS-492	Review G — systemTest (all tools) security regression coverage	TEST-OR-TOOLING	Review G systemTest regression-coverage register (Peter)	title/description only	peter@obeden.com	peter@obeden.com	Backlog	3	76	no; test coverage	no	parent: archiving cascades to 9 children (KS-1042,983,608,590,588,572,571,568,502)
KS-502	systemTest (Schemathesis): skipped security regressions needing a proper harness	TEST-OR-TOOLING	harness gaps for three skipped regressions; underlying product defects already fixed (SSRF via assertSafeOutboundUrl, billing idempotency fail-closed)	Blockchain/Dev/services/originate/src/routes/webhooks.ts:167-171@3ce8cd4026a6; services/billing/src/__tests__/ks488-c4-webhook-idempotency-fail-closed.test.ts@3ce8cd4026a6	peter@obeden.com	peter@obeden.com	Todo	3	75	no; test harness	no	-
KS-525	Playwright: end-to-end flow coverage across all 310 published API operations	TEST-OR-TOOLING	Playwright full-contract flow coverage plan (8 of ~310 ops covered at filing)	title/description only	peter@obeden.com	peter@obeden.com	Backlog	2	73	no; test coverage	no	-
KS-526	KMS: move platform wallet mnemonic to Key Vault (KS-326 follow-up)	GENUINE-HARDENING	anchoring still reads PLATFORM_WALLET_MNEMONIC from env; Key Vault helper exists but anchoring never calls it	Blockchain/Dev/services/anchoring/src/cardano/index.ts:58@3ce8cd4026a6; packages/shared/src/vault/key-vault.ts:44 (unused by anchoring)	stuart.jamieson@secuura.ai	kamil.kreiser@secuura.ai	Backlog	3	72	no; env is current accepted posture	no	-
KS-562	anchoring threadTokenMint test fails only under root-visible npm install layout 	TEST-OR-TOOLING	duplicate @lucid-evolution/plutus copy reds threadTokenMint test under the hoisted workspace layout; reproduced 09-25 and cited as the standing pre-existing failure in the 10-05 screen; shipped image (standalone install) passes	title/description + 2026-09-25 comment + 2026-10-05 spark SCREEN.md (not re-run here)	kamil.kreiser@secuura.ai	kamil.kreiser@secuura.ai	Backlog	3	62	no; dev-layout test red, image unaffected per ticket	no	-
KS-565	Sweeps 2026-08-05: untracked failures across 10 ops — response-schema recurrence	GENUINE-DEFECT	register of sweep failures; its §2 negative-offset 500 is still live: offset parsed with ||0 and never clamped (also adminConfig.ts:1104,1264, tenant-provisioning index.ts:556)	Blockchain/Dev/services/auth/src/routes/users.ts:456,512@3ce8cd4026a6; originate/src/routes/adminConfig.ts:1104@3ce8cd4026a6	peter@obeden.com	kamil.kreiser@secuura.ai	Backlog	2	61	no; 500-vs-400 on admin list endpoints, not a core flow	no	-
KS-568	systemTest (Schemathesis): S↔K connector identity regression coverage (KS-480 Op	TEST-OR-TOOLING	systemTest coverage for S<->K connector identity properties; blocked on KS-516 (no seeded sk_ key)	title/description only	peter@obeden.com	peter@obeden.com	Backlog	2	61	no; test coverage	no	-
KS-571	systemTest (Schemathesis): KS-539 agent document-operation rules — onBehalfOf re	TEST-OR-TOOLING	systemTest config/expected-status alignment with the KS-539 G-1 split	title/description only	peter@obeden.com	peter@obeden.com	Backlog	3	60	no; test config	no	-
KS-572	systemTest (Schemathesis): pin the KS-546 unhandledRejection posture — config dr	TEST-OR-TOOLING	pin UNHANDLED_REJECTION_MODE config drift in systemTest	title/description only	peter@obeden.com	peter@obeden.com	Backlog	3	60	no; test coverage	no	-
KS-576	Bulk re-key: one admin-authorised rotate across a named set of externalRefs	GENUINE-HARDENING	bulk re-key feature for incident recovery; prerequisite KS-577 revoke-on-rotate now on develop	Blockchain/Dev/services/api-gateway/src/routes/platform.ts:717-723@3ce8cd4026a6 (KS-577 revoke present; no bulk route)	kamil.kreiser@secuura.ai	kamil.kreiser@secuura.ai	Todo	2	59	no; incident tooling	no	-
KS-579	Per-person platform-admin identities — the shared seeded admin cannot carry attr	GENUINE-HARDENING	platform-admin is a shared seeded identity, so attribution/approval rules cannot be real	title/description only	kamil.kreiser@secuura.ai	kamil.kreiser@secuura.ai	Todo	3	59	no; governance hardening	no	-
KS-580	Append-only recovery audit held outside the estate being recovered	GENUINE-HARDENING	rotate audit write is still fire-and-forget .catch, inside the estate being recovered	Blockchain/Dev/services/api-gateway/src/routes/platform.ts:732-744@3ce8cd4026a6	kamil.kreiser@secuura.ai	kamil.kreiser@secuura.ai	Todo	3	59	no; audit durability	no	-
KS-581	register-connector: volume alerting, rate limit, and correlation of refused re-k	GENUINE-HARDENING	register-connector has no rate limit, volume alert or refused-attempt correlation	Blockchain/Dev/services/api-gateway/src/routes/platform.ts:493@3ce8cd4026a6 (no limiter on route; grep rateLimit 0 hits in file)	kamil.kreiser@secuura.ai	kamil.kreiser@secuura.ai	Todo	3	59	no; monitoring	no	-
KS-582	[Decision] Approval shape for bulk re-key — two approvers for a batch, one for a	NEEDS-HUMAN	Kam+Peter: decide bulk re-key approval shape and break-glass path; blocked on KS-579	title/description only	kamil.kreiser@secuura.ai	kamil.kreiser@secuura.ai	Todo	3	59	no; design decision	no	-
KS-583	DR rehearsal: lose a key → re-key → read-back survives on pre-loss anchors → the	TEST-OR-TOOLING	DR rehearsal (lose key, re-key, read-back, old key dead); step 4 now testable since KS-577 revoke landed	Blockchain/Dev/services/api-gateway/src/routes/platform.ts:717-723@3ce8cd4026a6	kamil.kreiser@secuura.ai	kamil.kreiser@secuura.ai	Todo	3	59	no; operational rehearsal	no	-
KS-588	systemTest (Schemathesis): /api/status authorization + revoked-session regressio	TEST-OR-TOOLING	systemTest coverage for /api/status authz; platform defect already fixed (KS-586, KS-692 #1320)	git log Blockchain/Dev/services/vc-issuer/src/routes/status.ts@3ce8cd4026a6 (54f37d639 KS-692 #1320)	peter@obeden.com	peter@obeden.com	Backlog	2	59	no; test coverage	no	-
KS-590	systemTest (Schemathesis): verify-by-hash must not resolve to an arbitrary regis	TEST-OR-TOOLING	systemTest leg for verify-by-hash resolution (KS-584); parked until assertion shape chosen	title/description + 08-12 comment	peter@obeden.com	peter@obeden.com	Backlog	2	59	no; test coverage	no	-
KS-591	positive_data_acceptance recurs at scale — 734 failures across 64 ops (KS-255 / 	UNVERIFIED	positive_data_acceptance register (69 ops on 09-14); a full Schemathesis sweep at 3ce8cd4 would settle current size	Peter sweep comments 09-14/09-15/09-28 (not re-run)	peter@obeden.com	kamil.kreiser@secuura.ai	Backlog	2	59	unknown; contract drift, not proven per-op here	no	-
KS-593	not_a_server_error recurs — 17 raw 5xx across 8 ops (KS-431 / KS-449 / KS-497 re	GENUINE-DEFECT	raw 500s on fuzzed input still reachable: admin/create calls toLowerCase on an untyped email, admin/list passes negative offset to SQL	Blockchain/Dev/services/auth/src/routes/users.ts:592-596 -> repositories/userRepo.ts:641@3ce8cd4026a6; users.ts:456@3ce8cd4026a6	peter@obeden.com	kamil.kreiser@secuura.ai	Backlog	2	59	no; admin-only 500-vs-400, low risk	no	-
KS-595	Three undeclared-verb catalogue skips cite CLOSED tickets (KS-406 / KS-421) — ar	UNVERIFIED	whether 3 undeclared-verb skips (tiers GET, billing by-email PUT) are still live; last seen live 08-12; run test_undeclared_method_safety at develop	title/description + 08-12/08-14 comments	peter@obeden.com	kamil.kreiser@secuura.ai	Backlog	3	59	no; staking/billing edge	no	-
KS-598	Architecture P1: defuse the MULTI_TENANCY registry upsert — it silently collapse	GENUINE-HARDENING	registry upsert collapses registrations per (hash,tenant); dormant while MULTI_TENANCY_ENABLED is off	Blockchain/Dev/services/originate/src/routes/verification.ts:426@3ce8cd4026a6; originate/src/db.ts:22	kamil.kreiser@secuura.ai	kamil.kreiser@secuura.ai	Todo	2	57	no; dormant behind flag (yes if multi-tenancy is switched on this month)	no	-
KS-602	BM-1: Certification model — certification = attestation + signing + optional wat	NEEDS-HUMAN	Kam+Stuart: certification-model epic (attest+sign+watermark, versioning) needs scoping and splitting; product requirement, not a defect	title/description only	kamil.kreiser@secuura.ai	kamil.kreiser@secuura.ai	Backlog	2	55	no; product model	no	-
KS-603	BM-2: Verification is a configurable workflow via smart contracts — record the w	NEEDS-HUMAN	Kam: BM-2 is a product-model ruling (configurable verification workflows), not a defect; decide whether it is a build item or a record	title/description only	kamil.kreiser@secuura.ai	kamil.kreiser@secuura.ai	Backlog	2	55	no — product direction, not stability	no	-
KS-604	BM-5: System-details document for Peter & Stuart — the technical system-info doc	TEST-OR-TOOLING	docs: technical system-info document Kam owes Peter/Stuart; no product behaviour	title/description only	kamil.kreiser@secuura.ai	kamil.kreiser@secuura.ai	Backlog	3	55	no — documentation	no	-
KS-605	Terminology definitions for stakeholders + lawyers — certification / verificatio	TEST-OR-TOOLING	docs: terminology definitions for lawyers/stakeholders; no product behaviour	title/description only	kamil.kreiser@secuura.ai	kamil.kreiser@secuura.ai	Backlog	3	55	no — documentation	no	-
KS-607	GET /api/anchors/{id} and verify report different statuses for the same anchor —	ALREADY-FIXED	mechanism (inputs-spent after landing -> terminal failed) fixed by KS-705 guard 3 + KS-726 write-ahead; legacy demo/UAT rows (3 on demo) may still need a data repair — Stuart created	anchoring/src/anchorSubmission.ts:594-626@3ce8cd4026a6; PR#756 merged 2026-09-01, PR#805 merged 2026-09-14	stuart.jamieson@secuura.ai	kamil.kreiser@secuura.ai	Backlog	2	54	yes — S polls this status; confirm legacy rows healed	ASK	-
KS-608	systemTest (Integration mode): GET /api/anchors/{id} and verify must not contrad	TEST-OR-TOOLING	systemTest regression leg; its blocking semantics question was answered by Kam on KS-607 (2026-08-12 comment), so it is unblocked but unwritten	title/description only (KS-607 comment 2026-08-12)	peter@obeden.com	peter@obeden.com	Backlog	2	54	no — test coverage	no	-
KS-618	Client IP is invisible platform-wide on demo: every IP-keyed control sees 172.18	ALREADY-FIXED	nginx realip now restores the client from X-Forwarded-For on the demo hop, so IP-keyed controls are per-client; residual lockout inertness is KS-1372	docker/nginx-gateway/nginx-demo.conf:100-107@3ce8cd4026a6; PR#678 merged 2026-08-13	kamil.kreiser@secuura.ai	kamil.kreiser@secuura.ai	Backlog	2	54	no — fixed	yes	-
KS-619	Gateway tenant resolution falls through to the caller's x-tenant-id when a token	GENUINE-HARDENING	bearer path now defaults a tenantless token to DEFAULT_TENANT_ID (auth.ts:399) so header no longer survives there; api-key path still leaves inbound x-tenant-id when meta.tenantId empty (auth.ts:335), guarded only by NOT NULL	services/api-gateway/src/middleware/auth.ts:335,399,418@3ce8cd4026a6	kamil.kreiser@secuura.ai	kamil.kreiser@secuura.ai	Backlog	3	53	no — not exploitable today (ticket says so)	no	-
KS-621	Document reads are scoped by tenant and owner, never by organization — cross-org	NEEDS-HUMAN	Kam: whether org must be an enforced read boundary; today denial is owner-404-cloak only, no organization predicate on reads (verified)	services/originate/src/routes/documents.ts:1047@3ce8cd4026a6; documentRepo.ts organization_id only in INSERT lists	kamil.kreiser@secuura.ai	kamil.kreiser@secuura.ai	Backlog	3	53	no — nothing leaks; model decision	no	-
KS-623	Test-token env guard is asymmetric: the gateway fails closed on an unset NODE_EN	GENUINE-HARDENING	auth still denylists NODE_ENV==="production" while gateway allowlists dev/test; needs ENABLE_TEST_TOKENS=true too, so two mis-sets	services/auth/src/middleware/authenticate.ts:21,25@3ce8cd4026a6	kamil.kreiser@secuura.ai	kamil.kreiser@secuura.ai	Backlog	4	53	no — requires two misconfigs	no	-
KS-624	prism issues VCs with random bytes as the Ed25519 proof and verifies them as pas	NEEDS-HUMAN	Kam: by-design-or-remediate on prism mock signatures; code confirmed (random 64-byte proof, verify always passes, PRISM_MODE never branched) but /api/credentials does not route to prism	services/prism/src/index.ts:35,662,787@3ce8cd4026a6; api-gateway/src/routes/proxy.ts:897-899 (only /api/did)	kamil.kreiser@secuura.ai	kamil.kreiser@secuura.ai	Backlog	2	53	no — latent, not routed	no	-
KS-625	/presentations/verify reports a presentation verified without checking the holde	GENUINE-DEFECT	/api/presentations/verify compares only challenge/domain (each optional) and never validates the proof signature; reachable through gateway	services/vc-issuer/src/routes/presentations.ts:321,327,353@3ce8cd4026a6; api-gateway/src/routes/proxy.ts:972-978	kamil.kreiser@secuura.ai	kamil.kreiser@secuura.ai	Backlog	3	53	unknown — only if VP verify is in the 31 Oct demo scope	no	-
KS-627	Implement real wallet signature verification (CIP-8/COSE + address binding) — ne	GENUINE-HARDENING	feature work: real CIP-8/COSE verify; endpoint already fails closed with 501, so no false-verify exposure	services/wallet-connector/src/routes/walletVerify.ts:53,74@3ce8cd4026a6	kamil.kreiser@secuura.ai	kamil.kreiser@secuura.ai	Backlog	3	53	no — fail-closed today	no	-
KS-630	Wire the status-page XSS probe into preflight (or decide not to) — it runs today	TEST-OR-TOOLING	probe exists but is not wired into preflight (no reference outside the probe itself); a gate decision	scripts/security/status-page-xss-probe.mjs@3ce8cd4026a6 (no preflight caller)	kamil.kreiser@secuura.ai	kamil.kreiser@secuura.ai	Backlog	3	53	no — tooling	no	-
KS-636	node:24-alpine carries a CRITICAL (CVE-2026-59873) — our own base-image watchdog	UNVERIFIED	whether CVE-2026-59873 is still present in the current node:24-alpine (unpinned tag, rebuilt 08-14) — settled by a trivy scan of a fresh pull	services/*/Dockerfile FROM node:24-alpine (unpinned)@3ce8cd4026a6; title/description for the CVE	kamil.kreiser@secuura.ai	kamil.kreiser@secuura.ai	Backlog	2	52	unknown — base image of every backend service	no	-
KS-638	The extranet test board has never shown a green run — 0 passed in 22, and the la	TEST-OR-TOOLING	extranet test board red because GitHub Actions (its trigger) is retired; also a skipped-vs-success verdict bug in secuura-extranet build-dashboard.mjs (not read)	title/description only (comment 2026-09-07 Actions startup_failure)	kamil.kreiser@secuura.ai	kamil.kreiser@secuura.ai	Backlog	2	52	no — status board, not product	no	-
KS-648	Frontend CSP quality: issuer alone carries 'unsafe-eval', and all three portals 	GENUINE-HARDENING	issuer CSP still carries unsafe-eval (admin removed it); unsafe-inline styles on all portals	frontend/issuer/nginx.conf:74@3ce8cd4026a6; frontend/admin/nginx.conf:42	kamil.kreiser@secuura.ai	kamil.kreiser@secuura.ai	Backlog	4	49	no — defence in depth	no	-
KS-651	[Decision] @secuura/shared is imported by 24 services and declared by 2 — the sy	NEEDS-HUMAN	Kam: decision on declaring @secuura/shared vs Dockerfile symlink pattern; services still do not declare it in package.json (0 found)	git grep @secuura/shared services/*/package.json@3ce8cd4026a6 = 0	kamil.kreiser@secuura.ai	kamil.kreiser@secuura.ai	Backlog	3	49	no — build/audit hygiene	no	-
KS-655	KS-78 drift check is wrong three ways — reports 7 commits of drift where 212 exi	TEST-OR-TOOLING	launcher drift counter walks HEAD with a hardcoded "main" label; Launch_Claude.command is outside the repo and Kam-gated (16 copies)	title/description only (launcher not in repo; 2026-08-18 correction comment)	kamil.kreiser@secuura.ai	kamil.kreiser@secuura.ai	Backlog	2	49	no — fleet tooling	no	-
KS-658	The demo VM runs every service as NODE_ENV=development while the code names "dem	NEEDS-HUMAN	Kam: what NODE_ENV the demo should run; compose still hardcodes NODE_ENV=development on 26 services so prod-like guards are inert on demo	docker-compose.yml (26 x "- NODE_ENV=development")@3ce8cd4026a6	kamil.kreiser@secuura.ai	kamil.kreiser@secuura.ai	Backlog	3	49	yes — demo posture/guards for a stable demo	no	-
KS-668	Compose seeds published *123 credentials by default, and the 11 rotation vars ne	GENUINE-HARDENING	half A fixed (seed gate now defaults empty/deny, KS-949 8a519e63a) and ADMIN_USER_PASSWORD forwarded (1016a75b7); residual: DEMO_*_PASSWORD incl. required DEMO_SECUURA_PASSWORD still not forwarded from .env	Blockchain/Dev/docker-compose.yml:625,781,808-811@3ce8cd4026a6; services/auth/src/repositories/userRepo.ts:1406	kamil.kreiser@secuura.ai	kamil.kreiser@secuura.ai	Backlog	2	46	unknown — affects super_admin persona seeding on fresh stacks	no	-
KS-678	#568 publishes 17 URLs on secuura.io — an unresolving, seemingly unowned domain 	NOT-GENUINE	concerned PR #568, which closed UNMERGED; develop published spec carries 0 secuura.io occurrences	PR#568 closed merged_at=None; docs/openapi/secuura-api.yaml@3ce8cd4026a6 (0 x secuura.io)	kamil.kreiser@secuura.ai	kamil.kreiser@secuura.ai	Backlog	2	45	no	no	-
KS-683	Anchor-status standoff: a consumer repolls anchors K reports as terminally faile	NEEDS-HUMAN	Stuart/Kam: K-side nothing left (layers 1-2 done, PS PR#581 merged per Stuart); open are layer 3 (52.74.18.212 pointed at demo) and layer 4 per-env Blockfrost keys	title/description + comments 2026-08-21 (PS-644 merged, demo loop -98.5%)	kamil.kreiser@secuura.ai	kamil.kreiser@secuura.ai	Todo	2	45	unknown — Blockfrost key per env affects demo verify	no	-
KS-696	Akto pr-scan is non-deterministic — three runs on near-identical code gave 1 HIG	TEST-OR-TOOLING	Akto run-to-run variance; Peter traced a mechanism (429s scored clean) fixed in #1336; residual is harness-side	PR#1336 merged 2026-09-28 (KS-1286)	kamil.kreiser@secuura.ai	kamil.kreiser@secuura.ai	Todo	2	39	no — scanner harness	no	-
KS-699	No table references `users`: 0 of the database's 29 foreign keys point at it, ac	GENUINE-HARDENING	no FK to users across user-reference columns (live DB measured, not reproducible from repo); app-level check exists only for custody (#751)	PR#751 merged 2026-08-28; migrations declare REFERENCES users but live schema measured 0 (description)	kamil.kreiser@secuura.ai	kamil.kreiser@secuura.ai	Backlog	3	39	no — integrity, needs RLS/FK design	no	-
KS-709	Akto reports a PASS for a test that executed NOTHING — 'clean 0 / not-applicable	TEST-OR-TOOLING	Akto false-zero (executed 0 vs candidates) — 429 instance fixed in #1336; criteria 1 and 3 still open	PR#1336 merged 2026-09-28T17:00Z	kamil.kreiser@secuura.ai	kamil.kreiser@secuura.ai	Backlog	2	38	no — scanner harness	no	-
KS-716	The whole super-admin surface is silently unscanned — no system_admin block mean	TEST-OR-TOOLING	Akto harness skips super-admin surface when secrets.yml lacks system_admin block; harness config	title/description only (+Peter 2026-09-30 comment)	kamil.kreiser@secuura.ai	kamil.kreiser@secuura.ai	Todo	2	38	no — scanner harness	no	-
KS-723	Declare the remaining ~157 routed-but-undocumented /api operations in the OpenAP	TEST-OR-TOOLING	contract completeness: ~157 routed ops undeclared; confirmed GET /api/anchors/{id} and /tx/{txHash} (S hot path) still absent from spec	docs/openapi/secuura-api.yaml:14378-14629@3ce8cd4026a6 (only /api/anchors, thread-mint, thread-state, document)	kamil.kreiser@secuura.ai	kamil.kreiser@secuura.ai	Todo	2	37	yes — S gate reads spec for anchors hot path	no	-
KS-724	A scan that logs in more than ten times as one user revokes its own bearer — the	TEST-OR-TOOLING	harness integrity: scan re-logins evict its own session; item 1 implemented on KS-1286 branch (#1336), items 2-3 open	PR#1336 merged 2026-09-28; title/description	kamil.kreiser@secuura.ai	kamil.kreiser@secuura.ai	Todo	2	37	no — scanner harness	no	-
KS-725	test:pr never re-imports the OpenAPI spec, so Akto scans a collection that has d	TEST-OR-TOOLING	test:pr does not re-import the spec into Akto; Peter re-verified 2026-09-28 still true	title/description + Peter 2026-09-28 comment	kamil.kreiser@secuura.ai	kamil.kreiser@secuura.ai	Todo	2	37	no — scanner harness	no	-
KS-735	Verify results show the user nothing about what was registered — a renamed file 	GENUINE-DEFECT	verifier ResultPage gates the Document Details card on result.document, which the API never emits — title/issuer never render; contract shape is Peter's call	frontend/verifier/src/components/ResultPage.tsx:423,433,440@3ce8cd4026a6	kamil.kreiser@secuura.ai	kamil.kreiser@secuura.ai	Todo	2	34	yes — user-visible verify result (PS-723, Stuart-raised)	no	-
KS-746	Security events carry no tenant at all — KS-743 had to gate them platform-only, 	GENUINE-HARDENING	SecurityEvent and svc_security_events carry no tenant, so events are platform-only; capability gap, not a leak	services/security/src/index.ts:108-120,201@3ce8cd4026a6; migrations/002_verification-tiers.sql:536	kamil.kreiser@secuura.ai	kamil.kreiser@secuura.ai	Backlog	3	34	no — no frontend consumer	no	-
KS-748	svc_api_keys.organization_id is not a tenancy boundary and nothing keeps it cohe	GENUINE-HARDENING	svc_api_keys has no constraint tying organization_id to tenant_id; integrity only, app enforces tenancy	migrations/018_svc_api_keys_reconcile.sql (backfill, no CHECK/FK)@3ce8cd4026a6	kamil.kreiser@secuura.ai	kamil.kreiser@secuura.ai	Backlog	4	34	no	no	-
KS-749	postcss-selector-parser 6.1.2 carries GHSA-w9m9-85wc-3x92 — baselined to unblock	GENUINE-HARDENING	dev-only build dep still 6.1.2; baseline entry expires 2026-10-15 and the push gate re-fires then	Blockchain/Dev/package-lock.json:18363-18365@3ce8cd4026a6; scripts/audit/audit-baseline.json:146-151 (expires 2026-10-15)	kamil.kreiser@secuura.ai	kamil.kreiser@secuura.ai	Backlog	4	34	yes — gate fuse fires 15 Oct and blocks pushes	no	-
KS-752	Schemathesis baseline gate is unreachable: run.py skips it whenever the sweep fa	TEST-OR-TOOLING	run.py still evaluates the Schemathesis baseline only when the sweep succeeded, so it never triages; Peter re-measured 09-14	systemTest/schemathesis/scripts/run.py:664-680@3ce8cd4026a6	kamil.kreiser@secuura.ai	kamil.kreiser@secuura.ai	Backlog	3	33	no — test gate	no	-
KS-756	Wire up the opaque refresh token that createSession already mints — one write si	GENUINE-HARDENING	opaque session.refreshToken still written, never compared; refresh replay is already covered by the jti denylist, so this is a KS-329 prerequisite, not an exposure	services/auth/src/routes/auth.ts:690-701,715@3ce8cd4026a6	kamil.kreiser@secuura.ai	kamil.kreiser@secuura.ai	Backlog	2	33	no — PQC prerequisite	no	-
KS-757	Connector erasure re-drive is unbounded against concurrency — and all three pres	GENUINE-DEFECT	re-drive SELECT takes no lock; overlapping S retries can double-drive one DSR or file two (4 dup non-terminal DSRs measured locally); fix needs tx threading or atomic claim	Blockchain/Dev/services/originate/src/services/gdprService.ts:1371-1378@3ce8cd4026a6 (plain $queryRaw, no FOR UPDATE/advisory lock in file)	kamil.kreiser@secuura.ai	kamil.kreiser@secuura.ai	Backlog	3	33	no — needs concurrent S retries; data-hygiene risk, not a stability blocker	no	-
KS-758	Connector erasure: three permanent failures present as retryable and nothing dea	GENUINE-DEFECT	unresolvable erasure branch blanks provenance and returns completed with NO data_deletion_log row (F9); config-fault 403/500 never dead-letter (F6)	gdprService.ts:1473-1488@3ce8cd4026a6 (no deletion-log write on unresolvable branch; log INSERTs only at :470,:916)	kamil.kreiser@secuura.ai	kamil.kreiser@secuura.ai	Backlog	3	33	unknown — GDPR Art.17 audit trail gap on partner path; matters if S erasure goes live by 31 Oct	no	-
KS-759	tenantId is read through two `as unknown as` casts because it is not on JwtPaylo	GENUINE-HARDENING	premise half-fixed: JwtPayload now declares tenantId (KS-764/#799) but connectorContext still double-casts; typing hygiene only	packages/shared/src/middleware/index.ts:42 + services/originate/src/routes/gdpr.ts:471-472@3ce8cd4026a6	kamil.kreiser@secuura.ai	kamil.kreiser@secuura.ai	Backlog	3	33	no — type-safety nit, behaviour already fail-closed	no	-
KS-760	The GitHub integration walks Linear tickets on branch names and PR bodies — 4 un	NEEDS-HUMAN	Kam: Linear workspace GitHub-integration auto-transition setting (disable or narrow); board-hygiene, not product	title/description + 2 comments (6 measured automation walks)	kamil.kreiser@secuura.ai	kamil.kreiser@secuura.ai	Backlog	3	33	no — board hygiene	no	-
KS-761	similarity-undiscriminating FP entries have no staleness detection — a tolerance	NEEDS-HUMAN	Kam or Peter: choose per-entry expires vs nightly null-attack re-measure for similarity-undiscriminating FP entries (systemTest/akto)	title/description (Peter #783 review)	kamil.kreiser@secuura.ai	kamil.kreiser@secuura.ai	Backlog	3	33	no — test-harness suppression policy	no	-
KS-765	Merge helper must refuse a non-read SHA and have no fallback that re-derives its	NOT-GENUINE	agent merge-session tooling (a self-confirming SHA fallback in an ad-hoc helper), not product; merge protocol already replaced by the push-based ruling recorded on KS-866	description; no merge helper tracked at develop (ls-tree grep merge-helper = 0)	kamil.kreiser@secuura.ai	kamil.kreiser@secuura.ai	Backlog	3	33	no — agent process	no	-
KS-767	Decide the 17 baseline entries that carry no `expires` — permanent acceptance, o	NEEDS-HUMAN	Kam: rule permanent-vs-dated for the grandfathered no-expires audit-baseline entries (13 undici share one rationale)	Blockchain/Dev/scripts/audit/baseline-contract.mjs GRANDFATHERED_NO_EXPIRY@3ce8cd4026a6	kamil.kreiser@secuura.ai	kamil.kreiser@secuura.ai	Backlog	3	33	no — supply-chain baseline bookkeeping	no	-
KS-768	audit-locks scans 35 of 45 lockfiles — 3 vulnerable locks have coverage from nei	ALREADY-FIXED	core fixed by #796: audit-locks now derives corpus from git via lock-discovery; RESIDUE lockfile-cleanroom.sh still walks 4 dirs — carry residue before archiving	PR #796 merged 2026-09-03T15:27:32Z; scripts/audit/audit-locks.mjs:57@3ce8cd4026a6; residue scripts/preflight/lockfile-cleanroom.sh:46	kamil.kreiser@secuura.ai	kamil.kreiser@secuura.ai	Backlog	2	33	no — CI/supply-chain gate scope	no	-
KS-770	Review stream: API contract and the four platform suites	TEST-OR-TOOLING	review-stream umbrella for Peter (one test pass, 12 children); process container, not a defect	description; children list	kamil.kreiser@secuura.ai	kamil.kreiser@secuura.ai	Todo	2	32	unknown — the children carry the work; umbrella itself none	no	parent: archiving cascades to 12 children (KS-1015,738,734,723,693,678,669,665,663,256,188,61) incl. non-terminal
KS-772	Review stream: S<->K integration contract	TEST-OR-TOOLING	review-stream umbrella for Stuart (S<->K integration acceptance pass, 17 children); process container	description; children list	kamil.kreiser@secuura.ai	kamil.kreiser@secuura.ai	Todo	2	32	yes — S<->K integration acceptance pass is the stability gate for Platform S on K	no	parent: archiving cascades to 17 children (KS-1402,1385,1384,1178,1175,735,695,683,598,583,582,581,580,579,577,576,135) incl. non-terminal
KS-777	QA pass F-1/F-3/F-4/F-7: two vacuous guards, an unasserted statement tail, and a	ALREADY-FIXED	retroactive tracker; ticket itself states all four findings FIXED on #795; F-4 single normaliser verified	PR #795 merged 2026-09-03T11:55:42Z; services/originate/src/services/orgId.ts:40 + provenance.ts:38@3ce8cd4026a6	kamil.kreiser@secuura.ai	kamil.kreiser@secuura.ai	Todo	3	32	no — closed work, tracker only	yes	-
KS-782	[Decision] OAuth consent: a proper two-step MFA challenge on /api/oauth/authoriz	NEEDS-HUMAN	Kam: product design for a two-step MFA consent challenge on /api/oauth/authorize (security half KS-781 already shipped)	title/description	kamil.kreiser@secuura.ai	kamil.kreiser@secuura.ai	Backlog	3	32	no — design upgrade; minimal MFA fix already in place	no	-
KS-783	A platform admin who loses their TOTP device has no self-service recovery — TOTP	NEEDS-HUMAN	Kam: pick recovery path for platform-admin lost TOTP (backup codes / second-admin re-enrol / audited break-glass); still TOTP-only and comment still claims identical shape	Blockchain/Dev/services/auth/src/routes/auth.ts:398-423@3ce8cd4026a6	kamil.kreiser@secuura.ai	kamil.kreiser@secuura.ai	Backlog	3	32	no — availability risk on admin accounts, not a stability blocker	no	-
KS-784	POST /api/teams/webhook-config fails the Schemathesis pr sweep on every run — in	TEST-OR-TOOLING	webhook-config 503s by design when ENTRA_* unset (requireM365 before validation), so the pr sweep and SSRF regression can never pass locally; overlaps KS-693/KS-502 but distinct op	description + Peter 09-14 comment (KS-502 §3b)	kamil.kreiser@secuura.ai	kamil.kreiser@secuura.ai	Backlog	3	32	no — test-estate reachability	no	-
KS-785	Compose resolves the SHELL over .env while the checker resolves .env over the sh	TEST-OR-TOOLING	real: credential checker sources .env over shell while compose prefers shell, so green check over shared literal; developer-machine start script only (demo VM does not use it) — Urgent priority overstates	Blockchain/Dev/scripts/check-slot-credentials.sh:105-112,155-160 + scripts/start-environment.sh:91,135 (no source)@3ce8cd4026a6	kamil.kreiser@secuura.ai	kamil.kreiser@secuura.ai	Backlog	1	32	no — local dev tooling; demo/UAT bring-up bypasses both scripts per checker comment	no	-
KS-787	S revokes that emit no lifecycle event, or emit share-permission-change, are ind	NEEDS-HUMAN	Stuart+Kam: S<->K contract — S must emit share-revoke (not permission-change/nothing), or K adds sequence/gap detection; K table has no chain link	Blockchain/Dev/services/originate/src/lifecycleActions.ts:40-41 + migrations/037_document_lifecycle_events.sql:14,24@3ce8cd4026a6	kamil.kreiser@secuura.ai	kamil.kreiser@secuura.ai	Backlog	2	32	unknown — integration-contract correctness for revoke lineage	no	-
KS-805	POST /api/oauth/authorize deny emits `Location: undefined?error=…` for an app wi	GENUINE-HARDENING	Q3 (Location: undefined) FIXED — resolver refuses zero/ambiguous URIs and deny builds a URL; residue Q5: PATCH redirectUris lacks .min(1)	services/auth/src/routes/oauth.ts:289-296,655-664 (fixed) ; :1239 PATCH schema no .min(1)@3ce8cd4026a6	kamil.kreiser@secuura.ai	kamil.kreiser@secuura.ai	Backlog	3	30	no — residual is a validation asymmetry with a safe downstream refusal	no	-
KS-807	The control-byte guard cannot see a raw body — findNulBytePath returns null for 	NEEDS-HUMAN	Kam/Peter: scan raw webhook bodies or declare them out of the KS-471/472 guard; mechanism confirmed (Buffer walked via Object.entries -> numbers -> null), not exploitable today	Blockchain/Dev/packages/shared/src/middleware/index.ts:505-525@3ce8cd4026a6	kamil.kreiser@secuura.ai	kamil.kreiser@secuura.ai	Backlog	3	30	no — doc/coverage claim; no live exploit	no	-
KS-812	connectors/whatsapp-bot prints the DEAD Container Apps API URL as its default ta	GENUINE-HARDENING	dead Container Apps URL as default target; connector in no deploy manifest so nothing broken today	Blockchain/Dev/connectors/whatsapp-bot/src/index.ts:26@3ce8cd4026a6	kamil.kreiser@secuura.ai	kamil.kreiser@secuura.ai	Backlog	4	30	no — undeployed connector	no	-
KS-824	OAuth app_type: a CASED row is neither normalised by 047 nor refused by its CHEC	GENUINE-HARDENING	cased app_type (e.g. Public) passes 047 CHECK (lower()) and row mapper does not fold, while consumers exact-match; reachable only by direct DB write/restore since API case-folds	migrations/047_oauth_app_type_vocabulary.sql:59,82-84 + docker/init/08-oauth-tables.sql:21 + services/auth/src/services/oauth.ts:374 + routes/oauth.ts:323,921@3ce8cd4026a6	kamil.kreiser@secuura.ai	kamil.kreiser@secuura.ai	Backlog	3	30	no — needs out-of-band row	no	-
KS-825	Gate integrity: the auth suite's green is not deterministic — three head runs ga	TEST-OR-TOOLING	auth suite flaky (server-per-request, keepAlive) and gates read one draw; test determinism	title/description (3 measured runs)	kamil.kreiser@secuura.ai	kamil.kreiser@secuura.ai	Backlog	3	30	no — gate reliability	no	-
KS-829	Audit gate baseline data model: an unvalidated `scope` lets a GREEN root gate ad	TEST-OR-TOOLING	audit-baseline data model: scope field unvalidated and suppression keyed by advisory id alone	Blockchain/Dev/scripts/audit/baseline-contract.mjs:41 (REQUIRED_FIELDS lacks scope)@3ce8cd4026a6	kamil.kreiser@secuura.ai	kamil.kreiser@secuura.ai	Backlog	3	30	no — CI gate	no	-
KS-834	[Decision] POST /api/certifications/:id/verify has no auth handler — leave it pu	NEEDS-HUMAN	Kam: keep POST /api/certifications/:id/verify public (default) or gate it; route mounted with mockBodyParser only	Blockchain/Dev/services/api-gateway/src/routes/verification.ts:786@3ce8cd4026a6	kamil.kreiser@secuura.ai	kamil.kreiser@secuura.ai	Backlog	4	30	no — product decision, read-only route	no	-
KS-836	Publish a `request:` block for POST /api/oauth/token — the endpoint's shape is a	TEST-OR-TOOLING	POST /api/oauth/token still publishes no request: block (form fields in prose); contract/spec work needing a Schemathesis before/after	Blockchain/Dev/services/auth/src/auth.openapi.ts:2702-2738 (description+responses, no request)@3ce8cd4026a6	kamil.kreiser@secuura.ai	kamil.kreiser@secuura.ai	Backlog	3	30	no — published contract completeness	no	-
KS-837	Published prose drifts from the routes it describes and nothing detects it — the	TEST-OR-TOOLING	instrument for published-prose drift; Wednesday ruled DO NOT BUILD line 1 now	title/description	kamil.kreiser@secuura.ai	kamil.kreiser@secuura.ai	Backlog	3	30	no — docs tooling, ruled deferred	no	-
KS-838	Make the authorize rules DATA the resolver iterates, so the GET/POST agreement g	TEST-OR-TOOLING	refactor resolveAuthorizeClient rules into data so the GET/POST agreement test is structural; tsc already covers new-message case (N4 comment)	title/description + 09-05 comment	kamil.kreiser@secuura.ai	kamil.kreiser@secuura.ai	Backlog	3	30	no — test structure	no	-
KS-840	The OAuth error code travels in error.message and the contract never says so; an	NEEDS-HUMAN	Kam/Peter: document which field carries the OAuth error code and decide RFC 6749 4.1.2.1 redirect vs JSON 400 for authorize refusals	Blockchain/Dev/services/auth/src/routes/oauth.ts:437-441 (authorizeRefusal answers JSON 400)@3ce8cd4026a6	kamil.kreiser@secuura.ai	kamil.kreiser@secuura.ai	Backlog	4	30	no — contract polish	no	-
KS-846	`@secuura/shared` `main` points at an untracked, never-built `dist/index.js` — a	TEST-OR-TOOLING	@secuura/shared main/exports point at untracked dist/ — fresh-clone trap outside vitest alias; dev ergonomics	Blockchain/Dev/packages/shared/package.json:5,118-120@3ce8cd4026a6	kamil.kreiser@secuura.ai	kamil.kreiser@secuura.ai	Backlog	4	30	no — Docker builds build dist; developer trap only	no	-
KS-866	Merge protocol: the server-side `sha=` pin protects the PR head, not the base — 	NOT-GENUINE	record of an agent merge-race incident; ticket says the fix is already ruled and in force (push-based merge); no product or repo change asked	title/description	kamil.kreiser@secuura.ai	kamil.kreiser@secuura.ai	Backlog	3	29	no — agent process note	no	-
KS-870	Every ADMITTED erasure authenticates twice — the door's chain and the catch-all 	GENUINE-HARDENING	admitted erasure runs authenticateToken twice (door + catch-all) and it does not short-circuit on req.user — doubled remote key validation, latency only	Blockchain/Dev/services/api-gateway/src/routes/proxy.ts:805,838-839 + middleware/auth.ts:273-278@3ce8cd4026a6	kamil.kreiser@secuura.ai	kamil.kreiser@secuura.ai	Backlog	3	29	no — cost, not correctness	no	-
KS-884	pre-push resolves the bare name `develop`, so a TAG named develop beats the bran	TEST-OR-TOOLING	pre-push still tries bare `develop` first, so a tag named develop would win silently; latent (no such tag)	.githooks/pre-push:165,175-176@3ce8cd4026a6	kamil.kreiser@secuura.ai	kamil.kreiser@secuura.ai	Backlog	4	29	no — latent hook defect	no	-
KS-889	KS-869's COALESCE backfill has an EMPTY window — the 39 pre-existing keys never 	NEEDS-HUMAN	Kam+Stuart: re-mint Platform S keys (backfill measured impossible: 5 of 32 recoverable) before the KS-843 SUBJECTS_ERASE_SCOPE_ENFORCED flip	description + 2026-09-06 comment (demo VM read-only measurement)	kamil.kreiser@secuura.ai	kamil.kreiser@secuura.ai	Backlog	2	29	yes — gates the KS-843 erasure-scope enforcement flip on the S<->K path	no	-
KS-902	no-tracked-credentials.sh cites two scripts as "structurally immune" exemplars —	TEST-OR-TOOLING	comment calls two cwd-relative root derivations "structurally immune" — confirmed	Blockchain/Dev/scripts/preflight/no-tracked-credentials.sh:81-82 + action-pins-labelled.sh:56 + bare-path-scripts-executable.sh:57@3ce8cd4026a6	kamil.kreiser@secuura.ai	kamil.kreiser@secuura.ai	Backlog	3	29	no — script comment/tooling	no	-
KS-903	Audit the eleven cwd- and script-relative repo-root derivations under scripts/ a	TEST-OR-TOOLING	survey of repo-root derivations in scripts/ and systemTest/; overlaps KS-902 (two sites) but wider scope	title/description; cwd-relative sites confirmed as in KS-902	kamil.kreiser@secuura.ai	kamil.kreiser@secuura.ai	Backlog	3	29	no — tooling robustness	no	-
KS-915	A clean stack has no supported way to obtain its first privileged account	NEEDS-HUMAN	Kam/Peter: pick the first-admin bootstrap (documented env-var procedure vs one-shot admin command); prod docs only say ENABLE_DEMO_SEED=false, no first-admin path	Blockchain/Dev/docs/DEPLOYMENT.md:958,1090@3ce8cd4026a6 (no bootstrap step); description	kamil.kreiser@secuura.ai	-	Backlog	3	29	yes: a fresh prod stack has no documented way to get its first admin	no	-
KS-918	vite is a production dependency of services/auth — esbuild and fsevents ship int	GENUINE-HARDENING	vite still in auth production dependencies; image weight/attack surface, install scripts not run (--ignore-scripts)	Blockchain/Dev/services/auth/package.json:31@3ce8cd4026a6	kamil.kreiser@secuura.ai	-	Backlog	3	29	no: image hygiene	no	-
KS-919	Demo platform-admin account has mfa_enabled = false — deliberate demo posture, o	NEEDS-HUMAN	Kam: is MFA-off on the demo system_admin intended? DB row not readable by this audit	title/description only (live demo DB measurement in ticket)	kamil.kreiser@secuura.ai	-	Backlog	3	29	unknown: depends on whether demo is the 31 Oct target	no	-
KS-925	Launcher boot step tells every agent session to POST /api/seen as EXTRANET_ME=ka	TEST-OR-TOOLING	agent launcher/extranet boot step clears Kam's unread flags; fleet tooling, not Platform K product	title/description only (Launch_Claude.command:522, extranet skill)	kamil.kreiser@secuura.ai	kamil.kreiser@secuura.ai	Backlog	3	29	no: agent tooling	no	-
KS-938	Security: "MFA disabled" leaves the TOTP seed and hashed backup codes in the row	GENUINE-DEFECT	MFA disable passes undefined so updateUser skips mfa_secret/mfa_backup_codes; seed survives and /me/mfa/verify can re-arm it	services/auth/src/routes/mfa.ts:241-242,376-377; users.ts:1116; repositories/userRepo.ts:827@3ce8cd4026a6	kamil.kreiser@secuura.ai	kamil.kreiser@secuura.ai	Backlog	2	29	yes: auth/MFA correctness on a security path	no	-
KS-939	Launcher: the assembled boot prompt is asserted by no cell — KS-907's fix can va	TEST-OR-TOOLING	launcher suite asserts no boot-prompt text; seat-worktree wording; fleet launcher, not product	title/description only (Launch_Claude.command L483/L363)	kamil.kreiser@secuura.ai	kamil.kreiser@secuura.ai	Backlog	2	29	no: agent tooling	no	-
KS-940	Launcher suite: four side-effect and guarded-surface gaps from the KS-911/912 ga	TEST-OR-TOOLING	four launcher-suite side-effect gaps (registry eviction, Extranet config, settings.local.json silent overwrite)	title/description only (launcher sha 932a2cc3)	kamil.kreiser@secuura.ai	kamil.kreiser@secuura.ai	Backlog	3	29	no: agent tooling	no	-
KS-948	A backtick in a shell-suite case name executes as a command and rewrote package.	TEST-OR-TOOLING	backticks in shell-suite case names execute; the guard grep still drops a line holding both escaped+unescaped backticks	Blockchain/Dev/scripts/__tests__/check_shared_relink.test.sh:1221@3ce8cd4026a6; PR #879 merged 2026-09-14T09:51Z did not carry finding 3	kamil.kreiser@secuura.ai	kamil.kreiser@secuura.ai	Backlog	3	29	no: test harness hazard	no	-
KS-951	The default-password CI gate catches one shape and calls it clean — 16 published	TEST-OR-TOOLING	default-password CI gate scans only .ts/.tsx/.js under services/ packages/ and exempts seedPw(; false assurance	Blockchain/Dev/scripts/check-no-default-passwords.sh:28-34@3ce8cd4026a6	kamil.kreiser@secuura.ai	kamil.kreiser@secuura.ai	Backlog	2	29	no: gate quality (overlaps KS-967, distinct scope)	no	-
KS-953	CLASS: editing api-gateway/src/index.ts silently reddens packages/shared, and no	ALREADY-FIXED	LEG D now pins api-gateway sites by text anchor, not line number (option 1 of the class)	packages/shared/src/__tests__/ks781-p3-3-body-parser-order.test.ts:2042-2049@3ce8cd4026a6; commit 54d741e1c / PR #1215 merged 2026-09-25T05:43Z (KS-1288)	kamil.kreiser@secuura.ai	-	Backlog	2	29	no	yes	-
KS-954	KS-858 residue: the repeated-slash collapse does not complete for the /api/billi	GENUINE-HARDENING	leading // on /api/billing still 404s (fails closed, no bypass); billing mount and normaliser unchanged since the gate measured it	services/api-gateway/src/routes/proxy.ts:1187-1190@3ce8cd4026a6 (pathRewrite ^/api); normalisePath.ts last changed 64e457943 (pre-filing); not reproduced live	kamil.kreiser@secuura.ai	-	Backlog	3	29	no: non-canonical spelling, fails closed	no	-
KS-955	A fresh clone cannot run the four platform suites, and fails in a way that reads	TEST-OR-TOOLING	fresh clone suites 401 at login: .env.example sets ALLOW_DEFAULT_SEED_PASSWORDS=false and compose default is now empty; harness precondition	Blockchain/Dev/.env.example:109; docker-compose.yml:625,781@3ce8cd4026a6; Peter repro 2026-09-10	kamil.kreiser@secuura.ai	-	Backlog	2	29	yes: suites cannot give a valid green on a fresh stack	no	-
KS-956	KS-930 residue: a whole app tree copied into a stage that names no JS runtime is	TEST-OR-TOOLING	Dockerfile relink-guard residue row 1d; latent (no COPY --from=X /app /app in repo), pinned by a KNOWN OPEN cell; needs a design call	title/description only (check_shared_relink.test.sh R2 row 1d)	kamil.kreiser@secuura.ai	-	Backlog	3	29	no: latent CI guard gap	no	-
KS-959	KS-597 fallback: resolve the issuer org from the authenticated caller org contex	NEEDS-HUMAN	Kam: issuer-org fallback unbuildable until organization_members is populated; decide whether membership writes are in scope	title/description only (organization_members 0 rows measured in ticket)	kamil.kreiser@secuura.ai	-	Backlog	3	28	no: feature, blocked on data	no	-
KS-960	Two schema sources disagree on whether users.email is unique — a statement valid	NEEDS-HUMAN	Kam/Peter: decide which schema source is authoritative (docker/init vs migrations) for users.email, documents.owner_user_id, issuer_organization_id	Blockchain/Dev/docker/init/01-schema.sql:21 vs migrations/001_initial-schema.sql:20@3ce8cd4026a6; PR #1000 (test pin) merged 2026-09-16T12:23Z	kamil.kreiser@secuura.ai	-	Backlog	3	28	yes: a migration-built DB diverges from the tested one	no	-
KS-964	104 flat spec files in Blockchain/Dev/tests are in no runner's path — quarantine	TEST-OR-TOOLING	flat Blockchain/Dev/tests/*.spec.ts in no runner path; quarantine decision (31 top-level at develop vs 104 claimed)	git ls-tree Blockchain/Dev/tests/@3ce8cd4026a6 (31 *.spec.ts)	kamil.kreiser@secuura.ai	-	Backlog	3	28	no: dead test code	no	-
KS-967	Neither credential guard can see a value in a .env.example — one scans the wrong	TEST-OR-TOOLING	neither credential guard can see a value in .env.example (wrong roots/extensions; deliberate exclusion); the live F1 value is already blank	Blockchain/Dev/scripts/check-no-default-passwords.sh:28-32; scripts/preflight/no-tracked-credentials.sh:38,50; .env.example:133 empty@3ce8cd4026a6	kamil.kreiser@secuura.ai	-	Backlog	2	28	no: gate quality	no	-
KS-977	`setup`/`install` are exempt from the pre-suite step on a false justification — 	ALREADY-FIXED	the false "does not exercise it" justification is corrected; setup now documented as touching a stack and applies the slot refusal itself	systemTest/schemathesis/scripts/run.py:357-361@3ce8cd4026a6; commit fe995f30b (KS-1386, 2026-09-29)	kamil.kreiser@secuura.ai	-	Backlog	2	28	no	yes	-
KS-982	pre_suite.test.sh silently quarantines a developer's live manifest and reports 2	ALREADY-FIXED	pre_suite.test.sh snapshots and restores generated/ with trap; Peter re-checked 2026-09-29	systemTest/__tests__/pre_suite.test.sh:41,72-89@3ce8cd4026a6; commit 3da53cb1a (PR #892 merged 2026-09-07T23:31Z)	kamil.kreiser@secuura.ai	peter@obeden.com	Backlog	2	28	no	ASK	-
KS-983	systemTest: no suite drives a path-spelling (`//`) variant — the KS-858 class is	TEST-OR-TOOLING	no systemTest drives // path-spelling variants; fix is in and unit-guarded (KS-858)	title/description only (index.ts normaliser cited)	peter@obeden.com	peter@obeden.com	Backlog	2	28	no: black-box coverage	no	-
KS-984	No service exposes /metrics — the secuura-services scrape job has never collecte	GENUINE-HARDENING	no service exposes /metrics and prom-client is in no service package.json; 7 scrape targets 404, no application telemetry	observability/prometheus/prometheus.yml:79@3ce8cd4026a6; git grep prom-client in services/*/package.json = 0 (control /health present)	peter@obeden.com	peter@obeden.com	Backlog	0	28	unknown: depends whether app telemetry is in the 31 Oct definition of ready	no	-
KS-985	Eight dashboards show a slot picker that filters nothing — latent today, wrong t	TEST-OR-TOOLING	8 Grafana dashboards carry a slot picker no panel uses; latent until KS-984 lands	observability/grafana/dashboards/*.json@3ce8cd4026a6 ($slot count 0 on 8 of 12)	peter@obeden.com	peter@obeden.com	Backlog	0	28	no: dashboards	no	-
KS-986	The published admin credential survives in USER_TESTING docs while nothing on th	GENUINE-HARDENING	item 1 (doc admin123) fixed by #1202; remaining: turning seeding on with ADMIN_USER_PASSWORD unset silently suspends the platform admin	services/auth/src/repositories/userRepo.ts:1305,1603,1628; USER_TESTING/CREDENTIALS-AND-PORTALS.md:68@3ce8cd4026a6; PR #1202 merged 2026-09-23T08:09Z	kamil.kreiser@secuura.ai	-	Backlog	3	28	no: operator trap, demo-scoped	no	-
KS-987	A deploy that rsyncs the OpenAPI spec and does not restart api-gateway ships a s	TEST-OR-TOOLING	single-file bind mount of the OpenAPI spec keeps the old inode after rsync; runbook + post-deploy md5 check (KS-1021 folded in)	Blockchain/Dev/docker-compose.yml:553@3ce8cd4026a6 (file mount, :ro)	kamil.kreiser@secuura.ai	kamil.kreiser@secuura.ai	Backlog	2	28	yes: next deploy can publish a stale contract silently	no	-
KS-995	Archiving a ticket silently archives its sub-issues, including NON-TERMINAL ones	NOT-GENUINE	Linear archive-cascade behaviour and agent process note, not a Platform K defect; belongs in fleet lessons	title/description only (Linear API behaviour)	kamil.kreiser@secuura.ai	kamil.kreiser@secuura.ai	Backlog	2	27	no: board process	no	-
KS-996	95 archived tickets sit in NON-TERMINAL states — measure whether a cascade put t	NOT-GENUINE	board-hygiene measurement task on Linear archive states, not a product problem	title/description only	kamil.kreiser@secuura.ai	kamil.kreiser@secuura.ai	Backlog	2	27	no: board process	no	-
KS-997	Re-triage four npm advisories that landed in the audit baseline ALREADY EXPIRED 	ALREADY-FIXED	the four fast-uri GHSAs are out of the baseline and every lock resolves fast-uri 3.1.8 (patched at 3.1.6)	Blockchain/Dev/scripts/audit/audit-baseline.json (4 GHSAs absent)@3ce8cd4026a6; 7 locks fast-uri 3.1.8; commit d9af191e4; PR #797 merged 2026-09-03T08:32Z	kamil.kreiser@secuura.ai	kamil.kreiser@secuura.ai	Backlog	2	27	no	yes	-
KS-998	KS-989 gate residue: the formatting gate fails OPEN on missing deps and reads th	TEST-OR-TOOLING	format gate still runs format:check on the working tree and skips a package with no deps when another passes; Kam ruled shape (a) 2026-09-22, not built	systemTest/scripts/check-package-format.sh:147-152,205-211@3ce8cd4026a6; KS-1063 2b8414090 closed only the all-skipped case	kamil.kreiser@secuura.ai	kamil.kreiser@secuura.ai	Backlog	2	27	no: push-gate quality	no	-
KS-1000	services/auth tsconfig EXCLUDES src/__tests__ — every 'tsc: 0 errors' on a test-	TEST-OR-TOOLING	tsc excludes src/__tests__ in 24 of 25 services, so tsc greens never cover tests; class ticket (KS-848/933/1122 folded in)	services/*/tsconfig.json exclude src/__tests__@3ce8cd4026a6 (e.g. services/auth/tsconfig.json)	kamil.kreiser@secuura.ai	kamil.kreiser@secuura.ai	Backlog	2	27	no: instrument gap (related KS-1329)	no	-
KS-1003	The OAuth token endpoint is outside the credential-stuffing rate-limit zone — /a	GENUINE-HARDENING	/api/oauth/ not keyed into the secuura_auth 5r/s credential-stuffing zone; only the aggregate /api/ ceiling applies	Blockchain/Dev/docker/nginx-gateway/nginx-demo.conf:158-162,416@3ce8cd4026a6	kamil.kreiser@secuura.ai	-	Backlog	3	27	yes: token endpoint brute-force bound on the internet-facing gateway	no	-
KS-1005	Security/defect: POST /api/users/me/change-password returns 404 for EVERY user —	GENUINE-DEFECT	change-password uses getUserById (USER_COLS has no password_hash) so passwordHash is always undefined and every call 404s; getUserByIdWithPasswordHash exists unused here	services/auth/src/routes/users.ts:966-967; repositories/userRepo.ts:346,409,440@3ce8cd4026a6	kamil.kreiser@secuura.ai	-	Backlog	2	27	yes: no user can change their password	no	-
KS-1009	Security: GET /api/auth/wallet/status returns userId + role to ANY anonymous cal	GENUINE-DEFECT	anonymous GET /api/auth/wallet/status/:addr returns userId, role, createdAt; public address resolves to internal id+role (Akto HIGH corroborates)	services/auth/src/routes/wallet.ts:403-428@3ce8cd4026a6	kamil.kreiser@secuura.ai	-	Backlog	2	27	yes: unauthenticated user enumeration	no	-
KS-1010	e2e: "CIP-30 API availability check" calls a route that does not exist, and its 	TEST-OR-TOOLING	e2e asserts <500 on /api/wallet/status and /api/wallet/supported, routes that do not exist; checks that cannot fail	Blockchain/Dev/tests/e2e/tests/recruitment/happy-path-wallet.spec.ts:250-264@3ce8cd4026a6	kamil.kreiser@secuura.ai	-	Backlog	3	27	no: test quality	no	-
KS-1012	The `require-pr-gates` ruleset survived the Actions retirement: 7 required check	NEEDS-HUMAN	Peter/Kam: ruleset still requires 0 approvals with ALWAYS admin bypass; the 7 dead required checks are GONE (live GET) so item 1 is resolved	GitHub GET /repos/Secuura/Distributed_Secuura/rulesets/18499832 2026-10-05: rules deletion, non_fast_forward, pull_request(0 approvals); bypass OrganizationAdmin+RepositoryRole always	peter@obeden.com	kamil.kreiser@secuura.ai	Backlog	2	27	yes: no review is required to merge to develop/main	no	-
